file_id,path,first_seen,last_seen,commit_count,touches,bus_factor,sensitivity_score,sensitivity_tags
.github/pull_request_template.md,.github/pull_request_template.md,2026-01-14T11:56:03+07:00,2026-01-14T11:56:03+07:00,1,1,1,0.00,
.gitignore,.gitignore,2026-01-14T11:51:08+07:00,2026-01-19T14:50:21+07:00,2,2,1,0.00,
README.md,README.md,2026-01-14T11:51:08+07:00,2026-01-14T11:51:08+07:00,1,1,1,0.00,
api/api-contract.yml,api/api-contract.yml,2026-01-14T14:03:37+07:00,2026-01-19T14:50:21+07:00,4,4,2,0.00,
api/openapi.yml,api/openapi.yml,2026-01-19T14:50:21+07:00,2026-01-23T15:43:33+07:00,14,14,2,0.00,
api/paths/auth_login.yml,api/paths/auth_login.yml,2026-01-19T14:50:21+07:00,2026-01-19T14:50:21+07:00,1,1,1,0.00,
api/paths/auth_register.yml,api/paths/auth_register.yml,2026-01-19T14:50:21+07:00,2026-01-19T14:50:21+07:00,1,1,1,0.00,
api/paths/cars_by_id.yml,api/paths/cars_by_id.yml,2026-01-21T09:45:12+07:00,2026-01-22T12:00:54+07:00,13,13,1,0.00,
api/paths/cars_list.yml,api/paths/cars_list.yml,2026-01-21T09:45:45+07:00,2026-01-22T11:51:45+07:00,12,12,1,0.00,
api/paths/ping.yml,api/paths/ping.yml,2026-01-19T14:50:21+07:00,2026-01-19T14:50:21+07:00,1,1,1,0.00,
api/paths/regional.yml,api/paths/regional.yml,2026-01-21T14:52:53+07:00,2026-01-22T12:14:37+07:00,3,3,1,0.00,
api/paths/regional_by_id.yml,api/paths/regional_by_id.yml,2026-01-21T14:52:53+07:00,2026-01-22T12:14:37+07:00,2,2,1,0.00,
api/paths/reservations_by_id.yml,api/paths/reservations_by_id.yml,2026-01-23T11:49:04+07:00,2026-01-26T08:11:34+07:00,6,6,1,0.00,
api/paths/reservations_list.yml,api/paths/reservations_list.yml,2026-01-23T11:47:12+07:00,2026-01-26T08:11:34+07:00,6,6,1,0.00,
api/paths/users.yml,api/paths/users.yml,2026-01-23T14:24:27+07:00,2026-01-23T14:24:27+07:00,1,1,1,0.00,
api/paths/users_by_id.yml,api/paths/users_by_id.yml,2026-01-23T14:24:27+07:00,2026-01-23T14:51:45+07:00,4,4,1,0.00,
manage.py,manage.py,2026-01-14T11:54:38+07:00,2026-01-14T11:54:38+07:00,1,1,1,0.00,
merentalbe3/__init__.py,merentalbe3/__init__.py,2026-01-14T11:54:38+07:00,2026-01-14T11:54:38+07:00,1,1,1,0.00,
merentalbe3/api.py,merentalbe3/api.py,2026-01-15T09:52:41+07:00,2026-01-22T16:14:34+07:00,10,10,2,0.00,
merentalbe3/asgi.py,merentalbe3/asgi.py,2026-01-14T11:54:38+07:00,2026-01-15T14:04:36+07:00,2,2,1,0.00,
merentalbe3/settings.py,merentalbe3/settings.py,2026-01-14T11:54:38+07:00,2026-01-21T08:58:10+07:00,3,3,2,0.00,
merentalbe3/urls.py,merentalbe3/urls.py,2026-01-14T11:54:38+07:00,2026-01-15T14:04:36+07:00,4,4,2,0.00,
merentalbe3/wsgi.py,merentalbe3/wsgi.py,2026-01-14T11:54:38+07:00,2026-01-15T14:04:36+07:00,2,2,1,0.00,
presentation/rest/serializer/user_create.py,presentation/rest/serializer/user_create.py,2026-01-15T12:58:56+07:00,2026-01-15T13:42:54+07:00,2,2,1,0.00,
presentation/rest/views/user_view.py,presentation/rest/views/user_view.py,2026-01-15T12:58:56+07:00,2026-01-15T13:42:54+07:00,2,2,1,0.00,
pull_request_template.md,pull_request_template.md,2026-01-22T14:39:41+07:00,2026-02-26T14:05:43+07:00,4,4,1,0.00,
requirements.txt,requirements.txt,2026-01-15T09:51:37+07:00,2026-01-21T08:58:10+07:00,2,2,2,0.00,
shared/constants/status_codes.py,shared/constants/status_codes.py,2026-01-15T12:58:56+07:00,2026-01-15T13:42:54+07:00,2,2,1,0.00,
shared/utils/date_utils.py,shared/utils/date_utils.py,2026-01-15T12:58:56+07:00,2026-01-15T13:42:54+07:00,2,2,1,0.00,
src/api/cars.py,src/api/cars.py,2026-01-22T14:19:38+07:00,2026-01-22T15:17:05+07:00,6,6,1,0.00,
src/api/dependencies.py,src/api/dependencies.py,2026-01-21T08:58:10+07:00,2026-01-22T13:56:10+07:00,3,3,1,0.00,
src/api/regionals.py,src/api/regionals.py,2026-01-22T13:56:10+07:00,2026-01-22T13:56:10+07:00,2,2,1,0.00,
src/api/schemas/car_dto.py,src/api/schemas/car_dto.py,2026-01-22T14:18:35+07:00,2026-01-22T14:54:02+07:00,3,3,1,0.00,
src/api/schemas/regional_dto.py,src/api/schemas/regional_dto.py,2026-01-22T13:56:10+07:00,2026-01-22T14:20:45+07:00,4,4,1,0.00,
src/api/schemas/user_dto.py,src/api/schemas/user_dto.py,2026-01-21T08:58:10+07:00,2026-01-21T08:58:10+07:00,1,1,1,0.00,
src/api/users.py,src/api/users.py,2026-01-15T13:42:54+07:00,2026-01-21T08:58:10+07:00,3,3,1,0.00,
src/application/dtos/user_dto.py,src/application/dtos/user_dto.py,2026-01-15T12:58:56+07:00,2026-01-15T13:42:54+07:00,2,2,1,0.00,
src/application/handler/user_created_handler.py,src/application/handler/user_created_handler.py,2026-01-15T12:58:56+07:00,2026-01-15T13:42:54+07:00,2,2,1,0.00,
src/application/schemas/result_enums.py,src/application/schemas/result_enums.py,2026-01-21T08:58:10+07:00,2026-01-22T13:56:10+07:00,3,3,1,0.00,
src/application/schemas/user_dto.py,src/application/schemas/user_dto.py,2026-01-15T13:42:54+07:00,2026-01-21T08:58:10+07:00,3,3,1,0.00,
src/application/use_cases/car/__init__.py,src/application/use_cases/car/__init__.py,2026-01-22T14:11:39+07:00,2026-01-22T14:11:39+07:00,1,1,1,0.00,
src/application/use_cases/car/create_car.py,src/application/use_cases/car/create_car.py,2026-01-22T14:11:39+07:00,2026-01-22T15:13:31+07:00,2,2,1,0.00,
src/application/use_cases/car/delete_car.py,src/application/use_cases/car/delete_car.py,2026-01-22T14:11:39+07:00,2026-01-22T14:11:39+07:00,1,1,1,0.00,
src/application/use_cases/car/get_cars.py,src/application/use_cases/car/get_cars.py,2026-01-22T14:11:39+07:00,2026-01-22T14:11:39+07:00,1,1,1,0.00,
src/application/use_cases/car/update_car.py,src/application/use_cases/car/update_car.py,2026-01-22T14:11:39+07:00,2026-01-22T15:13:31+07:00,2,2,1,0.00,
src/application/use_cases/regional/__init__.py,src/application/use_cases/regional/__init__.py,2026-01-22T13:56:10+07:00,2026-01-22T13:56:10+07:00,2,2,1,0.00,
src/application/use_cases/regional/create_regional.py,src/application/use_cases/regional/create_regional.py,2026-01-22T13:56:10+07:00,2026-01-22T13:56:10+07:00,2,2,1,0.00,
src/application/use_cases/regional/delete_regional.py,src/application/use_cases/regional/delete_regional.py,2026-01-22T13:56:10+07:00,2026-01-22T13:56:10+07:00,2,2,1,0.00,
src/application/use_cases/regional/get_regional.py,src/application/use_cases/regional/get_regional.py,2026-01-22T13:56:10+07:00,2026-01-22T13:56:10+07:00,2,2,1,0.00,
src/application/use_cases/regional/get_regionals.py,src/application/use_cases/regional/get_regionals.py,2026-01-22T13:56:10+07:00,2026-01-22T13:56:10+07:00,2,2,1,0.00,
src/application/use_cases/regional/update_regional.py,src/application/use_cases/regional/update_regional.py,2026-01-22T13:56:10+07:00,2026-01-22T13:56:10+07:00,2,2,1,0.00,
src/application/use_cases/user/login_user.py,src/application/use_cases/user/login_user.py,2026-01-21T08:58:10+07:00,2026-01-21T08:58:10+07:00,1,1,1,0.00,
src/application/use_cases/user/register_user.py,src/application/use_cases/user/register_user.py,2026-01-15T12:58:56+07:00,2026-01-21T08:58:10+07:00,4,4,1,0.00,
src/application/utils/__init__.py,src/application/utils/__init__.py,2026-01-21T08:58:10+07:00,2026-01-21T08:58:10+07:00,1,1,1,0.00,
src/application/utils/password_utils.py,src/application/utils/password_utils.py,2026-01-21T08:58:10+07:00,2026-01-21T08:58:10+07:00,1,1,1,0.00,
src/domain/aggregates/Reservation.py,src/domain/aggregates/Reservation.py,2026-01-15T12:58:56+07:00,2026-01-15T13:42:54+07:00,2,2,1,0.00,
src/domain/entities/car.py,src/domain/entities/car.py,2026-01-22T14:08:44+07:00,2026-01-22T14:54:02+07:00,2,2,1,0.00,
src/domain/entities/regional.py,src/domain/entities/regional.py,2026-01-22T13:18:59+07:00,2026-01-22T13:56:10+07:00,4,4,1,0.00,
src/domain/entities/user.py,src/domain/entities/user.py,2026-01-15T12:58:56+07:00,2026-01-21T08:58:10+07:00,3,3,1,0.00,
src/domain/events/user_created.py,src/domain/events/user_created.py,2026-01-15T12:58:56+07:00,2026-01-15T13:42:54+07:00,2,2,1,0.00,
src/domain/exceptions.py,src/domain/exceptions.py,2026-01-21T08:58:10+07:00,2026-01-22T13:56:10+07:00,3,3,1,0.00,
src/domain/repositories/car_repository.py,src/domain/repositories/car_repository.py,2026-01-22T14:10:09+07:00,2026-01-22T14:10:09+07:00,1,1,1,0.00,
src/domain/repositories/regional_repository.py,src/domain/repositories/regional_repository.py,2026-01-22T13:18:59+07:00,2026-01-22T13:18:59+07:00,2,2,1,0.00,
src/domain/repositories/user_repository.py,src/domain/repositories/user_repository.py,2026-01-15T12:58:56+07:00,2026-01-21T08:58:10+07:00,4,4,1,0.00,
src/domain/services/Autentification.py,src/domain/services/Autentification.py,2026-01-15T12:58:56+07:00,2026-01-15T13:42:54+07:00,2,2,1,0.00,
src/infrastructure/__init__.py,src/infrastructure/__init__.py,2026-01-21T08:58:10+07:00,2026-01-21T08:58:10+07:00,1,1,1,0.00,
src/infrastructure/apps.py,src/infrastructure/apps.py,2026-01-21T08:58:10+07:00,2026-01-21T08:58:10+07:00,1,1,1,0.00,
src/infrastructure/migrations/0001_initial.py,src/infrastructure/migrations/0001_initial.py,2026-01-21T08:58:10+07:00,2026-01-21T08:58:10+07:00,1,1,1,0.00,
src/infrastructure/migrations/0002_alter_usermodel_password_alter_usermodel_username.py,src/infrastructure/migrations/0002_alter_usermodel_password_alter_usermodel_username.py,2026-01-21T08:58:10+07:00,2026-01-21T08:58:10+07:00,1,1,1,0.00,
src/infrastructure/migrations/0003_regionalmodel.py,src/infrastructure/migrations/0003_regionalmodel.py,2026-01-22T16:12:47+07:00,2026-01-22T16:12:47+07:00,1,1,1,0.00,
src/infrastructure/migrations/0004_carmodel.py,src/infrastructure/migrations/0004_carmodel.py,2026-01-22T16:12:47+07:00,2026-01-22T16:12:47+07:00,1,1,1,0.00,
src/infrastructure/migrations/__init__.py,src/infrastructure/migrations/__init__.py,2026-01-21T08:58:10+07:00,2026-01-21T08:58:10+07:00,1,1,1,0.00,
src/infrastructure/models/__init__.py,src/infrastructure/models/__init__.py,2026-01-21T08:58:10+07:00,2026-01-22T16:12:47+07:00,2,2,2,0.00,
src/infrastructure/models/car_model.py,src/infrastructure/models/car_model.py,2026-01-22T14:20:15+07:00,2026-01-22T14:20:15+07:00,1,1,1,0.00,
src/infrastructure/models/regional_model.py,src/infrastructure/models/regional_model.py,2026-01-22T13:18:59+07:00,2026-01-22T14:20:45+07:00,4,4,1,0.00,
src/infrastructure/models/user_model.py,src/infrastructure/models/user_model.py,2026-01-15T13:42:54+07:00,2026-01-21T08:58:10+07:00,3,3,1,0.00,
src/infrastructure/persistant/models/user_model.py,src/infrastructure/persistant/models/user_model.py,2026-01-15T12:58:56+07:00,2026-01-15T13:42:54+07:00,2,2,1,0.00,
src/infrastructure/persistant/repositories/django_user_repository.py,src/infrastructure/persistant/repositories/django_user_repository.py,2026-01-15T12:58:56+07:00,2026-01-15T13:42:54+07:00,2,2,1,0.00,
src/infrastructure/repositories/django_car_repository.py,src/infrastructure/repositories/django_car_repository.py,2026-01-22T14:20:55+07:00,2026-01-22T15:18:14+07:00,4,4,1,0.00,
src/infrastructure/repositories/django_regional_repository.py,src/infrastructure/repositories/django_regional_repository.py,2026-01-22T13:56:10+07:00,2026-01-22T14:20:45+07:00,4,4,1,0.00,
src/infrastructure/repositories/django_user_repository.py,src/infrastructure/repositories/django_user_repository.py,2026-01-15T13:42:54+07:00,2026-01-21T08:58:10+07:00,4,4,1,0.00,
